review_id,order_id,user_id,driver_id,content,comment_star
1,ORD001,244,401.0,速度快，很满意，态度一般,3
2,ORD002,183,130.0,驾驶稳，车很干净，很满意,4
3,ORD003,200,312.0,态度一般，速度快,4
4,ORD004,363,52.0,服务不错，驾驶稳，车内有异味,3
5,ORD005,417,207.0,车很干净，比较安静，车内有异味,3
6,ORD006,244,479.0,驾驶稳，速度快,4
7,ORD007,84,137.0,很满意，比较安静,4
8,ORD008,197,428.0,车很干净，驾驶稳,3
9,ORD009,143,306.0,驾驶稳，车很干净,3
10,ORD010,45,132.0,服务不错，速度快，车很干净,5
11,ORD011,215,18.0,比较安静,3
12,ORD012,35,27.0,态度一般，速度快，比较安静,5
13,ORD013,75,33.0,车内有异味,5
14,ORD014,393,440.0,等待时间长，车很干净,5
15,ORD015,388,188.0,服务不错，态度一般，比较安静,5
16,ORD016,41,145.0,驾驶稳，很满意，等待时间长,4
17,ORD017,8,344.0,很满意,5
18,ORD018,349,152.0,司机很礼貌，服务不错,3
19,ORD019,437,110.0,司机很礼貌,5
20,ORD020,473,17.0,车很干净，驾驶稳,4
21,ORD021,361,311.0,司机很礼貌，态度一般，比较安静,4
22,ORD022,416,62.0,驾驶稳，速度快,4
23,ORD023,327,259.0,等待时间长，驾驶稳,3
24,ORD024,154,398.0,等待时间长，服务不错,3
25,ORD025,296,358.0,很满意，比较安静，等待时间长,3
26,ORD026,455,296.0,速度快,5
27,ORD027,148,481.0,驾驶稳，速度快，等待时间长,3
28,ORD028,367,386.0,驾驶稳，服务不错,5
29,ORD029,447,403.0,等待时间长，速度快,4
30,ORD030,103,326.0,态度一般，车内有异味，司机很礼貌,3
31,ORD031,411,100.0,服务不错,3
32,ORD032,161,238.0,很满意,5
33,ORD033,175,273.0,车很干净，态度一般，车内有异味,5
34,ORD034,437,63.0,车很干净，比较安静，驾驶稳,5
35,ORD035,152,245.0,比较安静,3
36,ORD036,358,186.0,态度一般，司机很礼貌，驾驶稳,4
37,ORD037,180,177.0,很满意，等待时间长，司机很礼貌,4
38,ORD038,227,347.0,比较安静，司机很礼貌,5
39,ORD039,193,398.0,车很干净，速度快,3
40,ORD040,221,420.0,等待时间长，很满意,4
41,ORD041,427,223.0,等待时间长，车很干净，比较安静,5
42,ORD042,359,163.0,服务不错，车很干净,4
43,ORD043,293,241.0,很满意,5
44,ORD044,259,295.0,驾驶稳,5
45,ORD045,172,87.0,态度一般，司机很礼貌，速度快,4
46,ORD046,52,23.0,服务不错，速度快,4
47,ORD047,445,405.0,车内有异味,4
48,ORD048,358,281.0,车内有异味,3
49,ORD049,30,309.0,很满意，车很干净,5
50,ORD050,387,465.0,比较安静，车内有异味,3
51,ORD051,496,280.0,比较安静，速度快，等待时间长,5
52,ORD052,442,207.0,速度快，态度一般，比较安静,5
53,ORD053,410,468.0,比较安静，等待时间长,4
54,ORD054,391,413.0,驾驶稳，速度快,5
55,ORD055,263,83.0,车很干净,3
56,ORD056,383,304.0,等待时间长，速度快，比较安静,3
57,ORD057,230,225.0,司机很礼貌,3
58,ORD058,308,71.0,服务不错，比较安静,4
59,ORD059,246,76.0,态度一般，车内有异味，很满意,5
60,ORD060,163,235.0,车很干净,4
61,ORD061,442,125.0,司机很礼貌，很满意，服务不错,3
62,ORD062,187,480.0,车很干净，驾驶稳,4
63,ORD063,353,376.0,驾驶稳，速度快，很满意,4
64,ORD064,212,48.0,服务不错,4
65,ORD065,212,10.0,司机很礼貌，车内有异味，服务不错,4
66,ORD066,182,71.0,态度一般，服务不错,4
67,ORD067,269,177.0,比较安静,3
68,ORD068,359,245.0,服务不错,3
69,ORD069,442,294.0,车很干净，车内有异味,5
70,ORD070,436,201.0,很满意,4
71,ORD071,380,497.0,态度一般，速度快,3
72,ORD072,110,142.0,驾驶稳,4
73,ORD073,142,51.0,司机很礼貌，态度一般,5
74,ORD074,42,492.0,车内有异味,3
75,ORD075,435,131.0,服务不错，车很干净，驾驶稳,3
76,ORD076,416,52.0,态度一般，很满意,3
77,ORD077,478,457.0,速度快,4
78,ORD078,149,129.0,很满意，司机很礼貌，速度快,3
79,ORD079,343,447.0,车很干净，车内有异味,5
80,ORD080,342,288.0,司机很礼貌，很满意，车很干净,5
81,ORD081,171,213.0,比较安静，等待时间长，车很干净,5
82,ORD082,450,300.0,车很干净,4
83,ORD083,355,233.0,态度一般,5
84,ORD084,463,104.0,车内有异味，很满意，速度快,4
85,ORD085,18,305.0,车很干净,4
86,ORD086,352,406.0,服务不错，司机很礼貌,4
87,ORD087,362,182.0,驾驶稳,4
88,ORD088,315,393.0,司机很礼貌,4
89,ORD089,45,462.0,速度快，车内有异味,3
90,ORD090,99,413.0,车很干净，比较安静，服务不错,3
91,ORD091,314,7.0,等待时间长,3
92,ORD092,340,385.0,等待时间长,3
93,ORD093,415,48.0,很满意,4
94,ORD094,176,197.0,司机很礼貌，服务不错,5
95,ORD095,40,233.0,比较安静，等待时间长,4
96,ORD096,208,167.0,速度快,4
97,ORD097,188,398.0,等待时间长，车很干净，速度快,4
98,ORD098,215,229.0,态度一般,4
99,ORD099,13,177.0,驾驶稳,5
100,ORD100,341,255.0,车内有异味，驾驶稳,3
101,ORD101,490,76.0,等待时间长，速度快，态度一般,3
102,ORD102,296,153.0,服务不错，态度一般，比较安静,5
103,ORD103,473,126.0,比较安静，驾驶稳，车很干净,4
104,ORD104,349,146.0,服务不错，车很干净，司机很礼貌,5
105,ORD105,280,250.0,很满意，服务不错,4
106,ORD106,175,164.0,车内有异味，等待时间长，服务不错,3
107,ORD107,174,403.0,驾驶稳,4
108,ORD108,151,62.0,服务不错,3
109,ORD109,289,204.0,等待时间长,5
110,ORD110,488,451.0,等待时间长,4
111,ORD111,30,12.0,速度快，服务不错,3
112,ORD112,114,134.0,车内有异味，等待时间长，车很干净,4
113,ORD113,103,288.0,车内有异味,4
114,ORD114,242,444.0,服务不错，司机很礼貌，态度一般,3
115,ORD115,298,146.0,态度一般，比较安静,5
116,ORD116,230,380.0,速度快，司机很礼貌,5
117,ORD117,191,172.0,服务不错，车很干净，驾驶稳,3
118,ORD118,30,361.0,车很干净，驾驶稳，车内有异味,4
119,ORD119,323,156.0,态度一般，服务不错,4
120,ORD120,175,277.0,速度快,4
121,ORD121,241,137.0,态度一般,5
122,ORD122,164,94.0,等待时间长，比较安静，车内有异味,4
123,ORD123,18,32.0,司机很礼貌，服务不错，态度一般,4
124,ORD124,402,2.0,比较安静,4
125,ORD125,354,100.0,驾驶稳，很满意，比较安静,3
126,ORD126,418,431.0,比较安静，速度快，服务不错,3
127,ORD127,179,431.0,很满意，速度快，驾驶稳,3
128,ORD128,490,118.0,很满意,3
129,ORD129,349,110.0,等待时间长，司机很礼貌,4
130,ORD130,463,131.0,车内有异味,3
131,ORD131,104,326.0,驾驶稳,3
132,ORD132,422,443.0,车内有异味，比较安静,4
133,ORD133,119,67.0,态度一般，车内有异味,3
134,ORD134,270,8.0,驾驶稳，车很干净，速度快,4
135,ORD135,111,424.0,车内有异味，速度快，比较安静,5
136,ORD136,431,182.0,驾驶稳,5
137,ORD137,39,40.0,驾驶稳，服务不错，等待时间长,3
138,ORD138,11,330.0,态度一般，车很干净,4
139,ORD139,354,47.0,很满意,4
140,ORD140,319,250.0,速度快，服务不错,3
141,ORD141,168,425.0,司机很礼貌，服务不错，速度快,4
142,ORD142,229,25.0,速度快,5
143,ORD143,346,22.0,司机很礼貌，驾驶稳,3
144,ORD144,489,197.0,很满意，司机很礼貌，速度快,5
145,ORD145,188,128.0,驾驶稳，态度一般，车内有异味,5
146,ORD146,228,27.0,车很干净,3
147,ORD147,492,240.0,司机很礼貌，态度一般,3
148,ORD148,264,27.0,车内有异味,3
149,ORD149,487,243.0,比较安静，车很干净,5
150,ORD150,475,419.0,驾驶稳,3
151,ORD151,151,284.0,司机很礼貌,3
152,ORD152,345,436.0,态度一般,3
153,ORD153,54,116.0,比较安静，服务不错，很满意,4
154,ORD154,418,475.0,司机很礼貌，速度快，等待时间长,3
155,ORD155,190,425.0,等待时间长，态度一般,4
156,ORD156,414,219.0,等待时间长，司机很礼貌，比较安静,3
157,ORD157,420,230.0,车内有异味，比较安静，很满意,5
158,ORD158,316,36.0,速度快，等待时间长，态度一般,3
159,ORD159,72,67.0,驾驶稳,4
160,ORD160,205,226.0,司机很礼貌,4
161,ORD161,39,137.0,等待时间长，服务不错，驾驶稳,3
162,ORD162,173,490.0,车内有异味,3
163,ORD163,123,171.0,等待时间长，很满意,4
164,ORD164,369,406.0,很满意，车内有异味，车很干净,3
165,ORD165,346,13.0,速度快，车很干净,4
166,ORD166,105,416.0,等待时间长，很满意，态度一般,3
167,ORD167,197,42.0,等待时间长，速度快,4
168,ORD168,297,431.0,车内有异味,5
169,ORD169,237,263.0,速度快,5
170,ORD170,122,235.0,等待时间长，态度一般，司机很礼貌,3
171,ORD171,105,183.0,速度快,4
172,ORD172,297,403.0,车内有异味，服务不错,3
173,ORD173,166,137.0,态度一般，服务不错，比较安静,4
174,ORD174,142,135.0,速度快，等待时间长，驾驶稳,5
175,ORD175,166,429.0,比较安静，态度一般,3
176,ORD176,285,110.0,驾驶稳,3
177,ORD177,93,241.0,驾驶稳，比较安静，很满意,3
178,ORD178,310,27.0,比较安静，司机很礼貌,5
179,ORD179,129,177.0,等待时间长，速度快,4
180,ORD180,149,58.0,速度快，车很干净,3
181,ORD181,338,394.0,态度一般,5
182,ORD182,353,125.0,驾驶稳，服务不错,3
183,ORD183,339,438.0,车内有异味，车很干净,4
184,ORD184,86,165.0,车很干净，很满意,5
185,ORD185,208,213.0,态度一般，车很干净，车内有异味,4
186,ORD186,398,349.0,很满意，速度快，服务不错,4
187,ORD187,23,243.0,驾驶稳，比较安静，服务不错,5
188,ORD188,374,279.0,车内有异味,3
189,ORD189,203,77.0,速度快，等待时间长,4
190,ORD190,379,491.0,很满意，驾驶稳,3
191,ORD191,182,498.0,驾驶稳，速度快，司机很礼貌,4
192,ORD192,87,148.0,司机很礼貌，车很干净,3
193,ORD193,330,295.0,速度快，驾驶稳，等待时间长,4
194,ORD194,451,197.0,服务不错，驾驶稳，车很干净,5
195,ORD195,377,191.0,驾驶稳，很满意，司机很礼貌,3
196,ORD196,419,169.0,等待时间长,3
197,ORD197,96,237.0,服务不错，比较安静，车很干净,4
198,ORD198,149,87.0,车很干净，车内有异味，比较安静,3
199,ORD199,217,205.0,服务不错，驾驶稳，司机很礼貌,4
200,ORD200,394,500.0,速度快，态度一般,3
201,ORD201,374,230.0,等待时间长，很满意，驾驶稳,4
202,ORD202,7,78.0,车很干净，速度快,5
203,ORD203,473,197.0,驾驶稳，等待时间长,4
204,ORD204,469,158.0,等待时间长,3
205,ORD205,487,310.0,速度快,4
206,ORD206,394,399.0,服务不错，车很干净，司机很礼貌,3
207,ORD207,145,167.0,很满意，车内有异味，车很干净,4
208,ORD208,388,364.0,态度一般，速度快,5
209,ORD209,401,427.0,比较安静,3
210,ORD210,202,6.0,态度一般,4
211,ORD211,260,476.0,态度一般，速度快,3
212,ORD212,54,15.0,很满意,4
213,ORD213,417,195.0,速度快，服务不错,5
214,ORD214,36,472.0,比较安静，态度一般，很满意,3
215,ORD215,435,465.0,速度快，态度一般,4
216,ORD216,238,405.0,司机很礼貌,4
217,ORD217,352,329.0,车内有异味，态度一般，比较安静,4
218,ORD218,169,120.0,车很干净,3
219,ORD219,426,150.0,态度一般，很满意,4
220,ORD220,176,135.0,态度一般，速度快，车内有异味,5
221,ORD221,485,91.0,态度一般,3
222,ORD222,236,472.0,很满意，司机很礼貌,3
223,ORD223,291,195.0,态度一般，等待时间长，服务不错,4
224,ORD224,315,492.0,服务不错，驾驶稳，速度快,4
225,ORD225,240,302.0,车很干净,5
226,ORD226,429,110.0,驾驶稳,4
227,ORD227,489,408.0,车内有异味，等待时间长,4
228,ORD228,235,233.0,速度快，驾驶稳,4
229,ORD229,19,348.0,等待时间长,5
230,ORD230,11,118.0,车很干净，驾驶稳，服务不错,4
231,ORD231,107,124.0,车很干净，驾驶稳,4
232,ORD232,493,405.0,司机很礼貌,3
233,ORD233,270,19.0,很满意,5
234,ORD234,433,318.0,驾驶稳，车很干净,3
235,ORD235,144,243.0,服务不错，驾驶稳，等待时间长,4
236,ORD236,25,159.0,驾驶稳，很满意，等待时间长,4
237,ORD237,147,183.0,等待时间长,3
238,ORD238,497,347.0,态度一般，司机很礼貌，比较安静,3
239,ORD239,190,323.0,很满意，速度快，车内有异味,5
240,ORD240,241,500.0,车内有异味，驾驶稳，司机很礼貌,4
241,ORD241,155,419.0,等待时间长,4
242,ORD242,155,60.0,速度快，服务不错,3
243,ORD243,457,446.0,很满意,5
244,ORD244,322,120.0,车内有异味,4
245,ORD245,373,436.0,很满意，司机很礼貌，比较安静,5
246,ORD246,171,453.0,车很干净,3
247,ORD247,267,441.0,服务不错,4
248,ORD248,208,399.0,等待时间长，速度快,3
249,ORD249,486,15.0,车很干净，车内有异味,3
250,ORD250,497,32.0,速度快,3
251,ORD251,129,324.0,司机很礼貌，驾驶稳，等待时间长,5
252,ORD252,435,253.0,态度一般,3
253,ORD253,343,306.0,比较安静，服务不错，速度快,4
254,ORD254,313,233.0,很满意，服务不错，等待时间长,3
255,ORD255,159,36.0,等待时间长,3
256,ORD256,459,430.0,等待时间长,3
257,ORD257,294,50.0,很满意，态度一般,3
258,ORD258,271,431.0,等待时间长,4
259,ORD259,409,126.0,很满意,3
260,ORD260,48,169.0,速度快,3
261,ORD261,182,118.0,很满意，态度一般,5
262,ORD262,431,494.0,态度一般,5
263,ORD263,178,108.0,服务不错，态度一般，驾驶稳,5
264,ORD264,375,218.0,车内有异味，服务不错，很满意,3
265,ORD265,464,121.0,比较安静，服务不错，速度快,4
266,ORD266,247,7.0,态度一般，司机很礼貌,3
267,ORD267,174,190.0,车很干净,4
268,ORD268,124,178.0,车内有异味,5
269,ORD269,32,213.0,车很干净,4
270,ORD270,3,63.0,很满意,3
271,ORD271,156,353.0,驾驶稳,3
272,ORD272,41,418.0,很满意，等待时间长,5
273,ORD273,499,398.0,驾驶稳,5
274,ORD274,80,44.0,等待时间长,5
275,ORD275,9,37.0,服务不错，态度一般，车很干净,5
276,ORD276,418,385.0,态度一般，车很干净,5
277,ORD277,489,58.0,服务不错,5
278,ORD278,466,468.0,驾驶稳，服务不错,3
279,ORD279,397,388.0,等待时间长，车内有异味,4
280,ORD280,175,225.0,等待时间长,4
281,ORD281,351,359.0,车内有异味，很满意,4
282,ORD282,120,30.0,态度一般,3
283,ORD283,323,125.0,车内有异味,5
284,ORD284,212,218.0,车很干净，司机很礼貌，比较安静,3
285,ORD285,290,134.0,驾驶稳，服务不错，司机很礼貌,3
286,ORD286,319,290.0,速度快,5
287,ORD287,358,185.0,比较安静,5
288,ORD288,257,390.0,车很干净，司机很礼貌,3
289,ORD289,330,33.0,司机很礼貌，态度一般,5
290,ORD290,294,285.0,比较安静，速度快,4
291,ORD291,182,261.0,车很干净，很满意,3
292,ORD292,72,84.0,等待时间长,5
293,ORD293,13,345.0,等待时间长，车内有异味,5
294,ORD294,255,274.0,服务不错，车很干净，等待时间长,5
295,ORD295,38,413.0,很满意,5
296,ORD296,5,353.0,等待时间长,3
297,ORD297,345,52.0,态度一般，服务不错，很满意,5
298,ORD298,232,11.0,车很干净，司机很礼貌,4
299,ORD299,295,137.0,驾驶稳，态度一般,4
300,ORD300,130,203.0,速度快，驾驶稳,4
301,ORD301,200,64.0,速度快，车很干净，态度一般,5
302,ORD302,143,236.0,车内有异味，比较安静,4
303,ORD303,47,403.0,司机很礼貌,5
304,ORD304,221,466.0,比较安静，驾驶稳，车内有异味,4
305,ORD305,393,171.0,等待时间长,4
306,ORD306,42,33.0,速度快，驾驶稳，车内有异味,3
307,ORD307,180,467.0,态度一般，车内有异味，司机很礼貌,4
308,ORD308,215,241.0,很满意，驾驶稳,5
309,ORD309,409,348.0,司机很礼貌,5
310,ORD310,95,456.0,服务不错，速度快,5
311,ORD311,17,178.0,车很干净，服务不错，很满意,3
312,ORD312,259,99.0,服务不错,4
313,ORD313,461,351.0,车内有异味，等待时间长,4
314,ORD314,463,457.0,驾驶稳,5
315,ORD315,89,84.0,速度快，态度一般，车很干净,3
316,ORD316,7,260.0,比较安静,3
317,ORD317,170,240.0,等待时间长，态度一般，比较安静,3
318,ORD318,347,305.0,车内有异味，服务不错，比较安静,4
319,ORD319,244,259.0,驾驶稳,5
320,ORD320,352,298.0,驾驶稳，车很干净,5
321,ORD321,112,39.0,司机很礼貌，速度快，服务不错,3
322,ORD322,345,465.0,等待时间长,5
323,ORD323,442,28.0,态度一般,3
324,ORD324,455,204.0,服务不错,5
325,ORD325,433,10.0,服务不错,3
326,ORD326,27,127.0,车内有异味,4
327,ORD327,118,75.0,车很干净,5
328,ORD328,53,222.0,驾驶稳，速度快,5
329,ORD329,297,338.0,司机很礼貌,3
330,ORD330,122,266.0,等待时间长，车内有异味,3
331,ORD331,462,365.0,司机很礼貌，驾驶稳,5
332,ORD332,346,133.0,车很干净，司机很礼貌，速度快,5
333,ORD333,202,372.0,车很干净，等待时间长，服务不错,4
334,ORD334,440,322.0,很满意，车很干净，态度一般,5
335,ORD335,337,317.0,司机很礼貌，等待时间长，速度快,3
336,ORD336,432,430.0,态度一般，车很干净，很满意,5
337,ORD337,4,84.0,车内有异味，很满意，等待时间长,3
338,ORD338,469,425.0,驾驶稳，速度快,4
339,ORD339,199,331.0,速度快,4
340,ORD340,72,163.0,司机很礼貌，车内有异味,4
341,ORD341,204,461.0,很满意,4
342,ORD342,442,99.0,服务不错,3
343,ORD343,424,53.0,很满意,3
344,ORD344,135,8.0,服务不错，驾驶稳，车很干净,5
345,ORD345,366,105.0,速度快,3
346,ORD346,216,4.0,驾驶稳，司机很礼貌，等待时间长,3
347,ORD347,243,176.0,很满意,3
348,ORD348,377,343.0,比较安静，服务不错，车内有异味,4
349,ORD349,247,282.0,车内有异味，态度一般,5
350,ORD350,260,364.0,服务不错，态度一般,4
351,ORD351,218,158.0,车内有异味,5
352,ORD352,262,265.0,服务不错，态度一般，比较安静,5
353,ORD353,113,60.0,很满意，服务不错，司机很礼貌,4
354,ORD354,365,335.0,驾驶稳，很满意,5
355,ORD355,390,280.0,等待时间长，速度快,5
356,ORD356,228,422.0,车很干净，服务不错，驾驶稳,3
357,ORD357,385,90.0,速度快，车内有异味，驾驶稳,4
358,ORD358,394,429.0,比较安静，服务不错，等待时间长,4
359,ORD359,456,493.0,驾驶稳,4
360,ORD360,413,175.0,很满意，等待时间长,5
361,ORD361,472,177.0,服务不错，司机很礼貌,3
362,ORD362,119,442.0,速度快，司机很礼貌,3
363,ORD363,192,416.0,很满意，车很干净，服务不错,4
364,ORD364,163,147.0,服务不错，驾驶稳,4
365,ORD365,419,490.0,比较安静，速度快，等待时间长,3
366,ORD366,185,401.0,等待时间长，司机很礼貌，驾驶稳,3
367,ORD367,286,467.0,服务不错，比较安静,5
368,ORD368,114,79.0,车内有异味,5
369,ORD369,262,289.0,驾驶稳,5
370,ORD370,384,248.0,服务不错，司机很礼貌,5
371,ORD371,377,104.0,速度快,3
372,ORD372,14,411.0,等待时间长，速度快,5
373,ORD373,242,137.0,车很干净,4
374,ORD374,305,187.0,车很干净，驾驶稳,5
375,ORD375,214,408.0,很满意，态度一般,3
376,ORD376,390,106.0,等待时间长,4
377,ORD377,64,330.0,态度一般，车很干净,5
378,ORD378,121,330.0,服务不错,3
379,ORD379,183,154.0,等待时间长，车很干净,5
380,ORD380,204,261.0,车内有异味，车很干净,4
381,ORD381,341,19.0,服务不错，车内有异味，很满意,5
382,ORD382,294,18.0,速度快，司机很礼貌，车很干净,5
383,ORD383,260,207.0,很满意,4
384,ORD384,282,183.0,态度一般,3
385,ORD385,75,342.0,司机很礼貌，等待时间长，车很干净,5
386,ORD386,304,380.0,服务不错，速度快，很满意,5
387,ORD387,24,280.0,车很干净，态度一般,3
388,ORD388,54,73.0,态度一般,3
389,ORD389,395,396.0,很满意，车很干净,3
390,ORD390,436,205.0,服务不错，驾驶稳，很满意,5
391,ORD391,282,473.0,车内有异味,4
392,ORD392,361,51.0,很满意,5
393,ORD393,250,475.0,驾驶稳,3
394,ORD394,291,330.0,服务不错，驾驶稳,4
395,ORD395,440,124.0,车很干净，很满意,5
396,ORD396,289,330.0,驾驶稳,5
397,ORD397,341,347.0,驾驶稳,3
398,ORD398,403,153.0,速度快,3
399,ORD399,16,91.0,车内有异味，车很干净，驾驶稳,4
400,ORD400,111,245.0,驾驶稳,5
401,ORD401,265,470.0,车内有异味，车很干净，司机很礼貌,3
402,ORD402,471,384.0,态度一般,5
403,ORD403,112,368.0,很满意,5
404,ORD404,31,483.0,等待时间长，比较安静,4
405,ORD405,134,372.0,速度快，车内有异味，服务不错,4
406,ORD406,231,120.0,态度一般，速度快，车内有异味,5
407,ORD407,239,258.0,车很干净，速度快,3
408,ORD408,466,470.0,很满意，服务不错,5
409,ORD409,180,401.0,服务不错，车内有异味,4
410,ORD410,179,252.0,司机很礼貌，态度一般,4
411,ORD411,297,235.0,服务不错，比较安静，车很干净,5
412,ORD412,162,430.0,等待时间长，司机很礼貌,3
413,ORD413,8,185.0,速度快,3
414,ORD414,170,210.0,速度快，等待时间长，态度一般,5
415,ORD415,302,112.0,司机很礼貌，车很干净，驾驶稳,4
416,ORD416,230,359.0,服务不错，车很干净，很满意,3
417,ORD417,378,373.0,速度快，司机很礼貌，等待时间长,4
418,ORD418,407,250.0,车内有异味,5
419,ORD419,234,416.0,服务不错，等待时间长，司机很礼貌,5
420,ORD420,496,255.0,等待时间长，比较安静,5
421,ORD421,275,90.0,驾驶稳，态度一般，比较安静,5
422,ORD422,464,139.0,速度快，驾驶稳，很满意,4
423,ORD423,370,169.0,车很干净,4
424,ORD424,488,410.0,比较安静，司机很礼貌，驾驶稳,5
425,ORD425,416,2.0,车内有异味，驾驶稳，服务不错,3
426,ORD426,385,10.0,车很干净，司机很礼貌,4
427,ORD427,252,269.0,速度快，车很干净,3
428,ORD428,453,355.0,车内有异味，比较安静，速度快,4
429,ORD429,381,32.0,驾驶稳，服务不错,5
430,ORD430,116,449.0,司机很礼貌，驾驶稳，很满意,4
431,ORD431,122,351.0,车内有异味,3
432,ORD432,215,39.0,态度一般，很满意，比较安静,3
433,ORD433,340,264.0,等待时间长,3
434,ORD434,284,19.0,比较安静,4
435,ORD435,245,87.0,服务不错，驾驶稳，车很干净,5
436,ORD436,138,299.0,驾驶稳，速度快,3
437,ORD437,308,63.0,车很干净，速度快，服务不错,5
438,ORD438,321,266.0,等待时间长，司机很礼貌,5
439,ORD439,268,432.0,驾驶稳，态度一般,4
440,ORD440,170,372.0,等待时间长，车内有异味，司机很礼貌,3
441,ORD441,36,288.0,车很干净,3
442,ORD442,420,90.0,很满意，司机很礼貌,4
443,ORD443,483,137.0,司机很礼貌，态度一般，很满意,4
444,ORD444,281,186.0,态度一般，等待时间长，比较安静,3
445,ORD445,201,349.0,车很干净,5
446,ORD446,311,71.0,速度快，服务不错，车内有异味,4
447,ORD447,262,9.0,速度快，车很干净，很满意,5
448,ORD448,425,327.0,车很干净，驾驶稳,3
449,ORD449,214,10.0,司机很礼貌,4
450,ORD450,356,57.0,驾驶稳,3
451,ORD451,492,283.0,驾驶稳，服务不错，车很干净,3
452,ORD452,418,69.0,车很干净，车内有异味,5
453,ORD453,410,368.0,速度快，等待时间长,5
454,ORD454,205,239.0,服务不错，很满意，驾驶稳,3
455,ORD455,451,451.0,比较安静，等待时间长，司机很礼貌,4
456,ORD456,10,175.0,车内有异味，车很干净，司机很礼貌,5
457,ORD457,49,63.0,驾驶稳，速度快,3
458,ORD458,5,377.0,服务不错，司机很礼貌，态度一般,5
459,ORD459,284,239.0,车很干净，服务不错，比较安静,3
460,ORD460,381,465.0,车内有异味，服务不错，司机很礼貌,3
461,ORD461,312,454.0,比较安静,4
462,ORD462,277,71.0,服务不错，车很干净,4
463,ORD463,205,28.0,比较安静，驾驶稳,5
464,ORD464,437,137.0,很满意，服务不错,5
465,ORD465,242,178.0,速度快，等待时间长，车很干净,3
466,ORD466,337,201.0,比较安静,3
467,ORD467,42,335.0,车很干净，车内有异味，很满意,5
468,ORD468,463,129.0,态度一般，驾驶稳，速度快,4
469,ORD469,291,50.0,驾驶稳，司机很礼貌,4
470,ORD470,54,124.0,态度一般，比较安静,3
471,ORD471,91,403.0,司机很礼貌，等待时间长,4
472,ORD472,310,137.0,很满意,5
473,ORD473,234,200.0,车很干净，比较安静，很满意,3
474,ORD474,91,462.0,很满意,4
475,ORD475,446,347.0,很满意,5
476,ORD476,158,328.0,服务不错,5
477,ORD477,205,227.0,服务不错,5
478,ORD478,157,20.0,服务不错，比较安静，很满意,4
479,ORD479,458,162.0,态度一般，等待时间长,3
480,ORD480,18,307.0,服务不错,4
481,ORD481,306,130.0,等待时间长，态度一般,5
482,ORD482,215,84.0,态度一般,4
483,ORD483,111,146.0,驾驶稳，车内有异味，很满意,3
484,ORD484,218,405.0,司机很礼貌，比较安静，等待时间长,3
485,ORD485,470,60.0,态度一般，车很干净，司机很礼貌,4
486,ORD486,187,105.0,很满意,3
487,ORD487,58,33.0,车很干净,5
488,ORD488,86,60.0,驾驶稳，比较安静,4
489,ORD489,28,370.0,速度快，服务不错,3
490,ORD490,375,383.0,服务不错，车内有异味,5
491,ORD491,174,186.0,态度一般,5
492,ORD492,316,155.0,态度一般，驾驶稳,3
493,ORD493,383,261.0,比较安静，驾驶稳，很满意,3
494,ORD494,231,250.0,车很干净,5
495,ORD495,252,388.0,态度一般，很满意，等待时间长,4
496,ORD496,168,420.0,服务不错，速度快,5
497,ORD497,250,114.0,司机很礼貌，车很干净,4
498,ORD498,486,403.0,车很干净，态度一般，速度快,4
499,ORD499,372,460.0,比较安静，车内有异味，车很干净,5
500,ORD500,161,244.0,速度快,3
501,ORD501,290,34.0,司机很礼貌,5
502,ORD502,27,127.0,驾驶稳，态度一般,3
503,ORD503,17,333.0,很满意，司机很礼貌,4
504,ORD504,227,462.0,车内有异味,3
505,ORD505,440,236.0,驾驶稳，速度快，车很干净,4
506,ORD506,235,280.0,速度快,3
507,ORD507,244,50.0,态度一般,5
508,ORD508,336,240.0,速度快，服务不错,4
509,ORD509,263,11.0,速度快，司机很礼貌,4
510,ORD510,350,234.0,等待时间长,5
511,ORD511,252,373.0,车很干净,3
512,ORD512,150,381.0,车很干净，速度快，态度一般,3
513,ORD513,352,296.0,驾驶稳，态度一般，司机很礼貌,3
514,ORD514,470,269.0,司机很礼貌,5
515,ORD515,362,120.0,服务不错，等待时间长,5
516,ORD516,316,140.0,等待时间长，态度一般,4
517,ORD517,318,250.0,驾驶稳，很满意,5
518,ORD518,395,64.0,车内有异味，速度快,5
519,ORD519,35,213.0,比较安静,5
520,ORD520,137,118.0,司机很礼貌,4
521,ORD521,45,34.0,态度一般，比较安静,4
522,ORD522,173,210.0,比较安静，速度快，驾驶稳,5
523,ORD523,441,54.0,车很干净，速度快，等待时间长,4
524,ORD524,213,330.0,车很干净，驾驶稳，速度快,3
525,ORD525,274,437.0,很满意,3
526,ORD526,101,156.0,态度一般,5
527,ORD527,193,367.0,车内有异味，司机很礼貌,3
528,ORD528,17,4.0,司机很礼貌，速度快，很满意,3
529,ORD529,226,218.0,驾驶稳，态度一般，等待时间长,3
530,ORD530,227,175.0,等待时间长，比较安静，态度一般,3
531,ORD531,266,321.0,等待时间长，态度一般，车很干净,3
532,ORD532,439,41.0,等待时间长，司机很礼貌，车很干净,4
533,ORD533,263,418.0,态度一般，等待时间长,3
534,ORD534,414,186.0,司机很礼貌，态度一般,5
535,ORD535,86,465.0,比较安静,5
536,ORD536,153,127.0,很满意,3
537,ORD537,186,412.0,服务不错,5
538,ORD538,453,419.0,速度快，服务不错，司机很礼貌,3
539,ORD539,93,156.0,很满意，车内有异味，车很干净,4
540,ORD540,498,58.0,驾驶稳,3
541,ORD541,223,375.0,速度快，等待时间长,5
542,ORD542,310,152.0,司机很礼貌，比较安静,4
543,ORD543,141,266.0,司机很礼貌，车很干净，很满意,4
544,ORD544,84,465.0,比较安静，车很干净,5
545,ORD545,302,463.0,服务不错，速度快，态度一般,4
546,ORD546,251,37.0,比较安静，服务不错,5
547,ORD547,86,197.0,司机很礼貌,5
548,ORD548,324,458.0,车很干净,5
549,ORD549,125,77.0,车很干净,4
550,ORD550,299,312.0,比较安静，态度一般,4
551,ORD551,19,329.0,司机很礼貌,3
552,ORD552,254,113.0,驾驶稳，等待时间长，车内有异味,5
553,ORD553,316,329.0,车很干净，态度一般,5
554,ORD554,195,137.0,车很干净,5
555,ORD555,199,452.0,服务不错,5
556,ORD556,494,491.0,很满意，比较安静，态度一般,3
557,ORD557,145,393.0,车很干净,5
558,ORD558,129,274.0,很满意，态度一般，车很干净,3
559,ORD559,243,19.0,驾驶稳，服务不错，等待时间长,4
560,ORD560,203,368.0,很满意，车内有异味,3
561,ORD561,499,144.0,等待时间长，很满意,5
562,ORD562,147,341.0,很满意,4
563,ORD563,80,282.0,司机很礼貌,5
564,ORD564,358,388.0,速度快，态度一般,5
565,ORD565,436,24.0,比较安静，很满意,5
566,ORD566,119,24.0,司机很礼貌,4
567,ORD567,255,477.0,比较安静，车很干净,3
568,ORD568,465,314.0,车很干净,4
569,ORD569,430,405.0,车很干净，等待时间长，速度快,4
570,ORD570,32,462.0,速度快,4
571,ORD571,403,2.0,比较安静，车很干净，车内有异味,3
572,ORD572,151,426.0,很满意，车很干净,4
573,ORD573,61,250.0,车很干净,3
574,ORD574,264,58.0,车内有异味,3
575,ORD575,485,215.0,态度一般，车内有异味，服务不错,5
576,ORD576,271,97.0,车内有异味,5
577,ORD577,12,296.0,速度快，驾驶稳，服务不错,4
578,ORD578,422,242.0,驾驶稳，速度快，态度一般,5
579,ORD579,293,73.0,驾驶稳，态度一般,5
580,ORD580,418,440.0,很满意，比较安静，驾驶稳,4
581,ORD581,477,78.0,司机很礼貌，车很干净，驾驶稳,3
582,ORD582,118,120.0,速度快，服务不错，态度一般,3
583,ORD583,403,245.0,服务不错，态度一般，等待时间长,3
584,ORD584,190,355.0,很满意,5
585,ORD585,385,169.0,服务不错，很满意,4
586,ORD586,241,158.0,驾驶稳，等待时间长，很满意,3
587,ORD587,449,385.0,比较安静，服务不错，很满意,3
588,ORD588,33,494.0,服务不错，驾驶稳,3
589,ORD589,276,353.0,服务不错,4
590,ORD590,406,351.0,态度一般，很满意,4
591,ORD591,196,416.0,比较安静,4
592,ORD592,262,105.0,等待时间长，驾驶稳,4
593,ORD593,50,355.0,司机很礼貌，车很干净,4
594,ORD594,389,255.0,速度快，态度一般,3
595,ORD595,118,408.0,等待时间长，比较安静,4
596,ORD596,324,30.0,比较安静，很满意,5
597,ORD597,362,385.0,态度一般，很满意,5
598,ORD598,230,104.0,等待时间长,4
599,ORD599,101,355.0,驾驶稳，比较安静，车很干净,4
600,ORD600,192,101.0,等待时间长，比较安静，服务不错,4
601,ORD601,461,431.0,速度快,3
602,ORD602,408,60.0,态度一般，车很干净，车内有异味,5
603,ORD603,470,96.0,驾驶稳，比较安静，车内有异味,5
604,ORD604,60,496.0,车内有异味，速度快，车很干净,4
605,ORD605,50,416.0,服务不错,3
606,ORD606,331,33.0,司机很礼貌,5
607,ORD607,320,225.0,司机很礼貌，车内有异味，很满意,5
608,ORD608,495,419.0,态度一般，很满意,5
609,ORD609,226,406.0,速度快,3
610,ORD610,200,300.0,车很干净,5
611,ORD611,233,394.0,车很干净，速度快,4
612,ORD612,71,202.0,态度一般，服务不错,4
613,ORD613,324,95.0,速度快,4
614,ORD614,188,106.0,车内有异味,4
615,ORD615,315,329.0,很满意，速度快,5
616,ORD616,378,21.0,司机很礼貌,4
617,ORD617,372,281.0,司机很礼貌，比较安静,4
618,ORD618,26,261.0,速度快，态度一般，等待时间长,5
619,ORD619,324,191.0,驾驶稳,4
620,ORD620,182,121.0,等待时间长，驾驶稳，服务不错,5
621,ORD621,124,110.0,车很干净，司机很礼貌，车内有异味,5
622,ORD622,437,23.0,驾驶稳，司机很礼貌，车很干净,5
623,ORD623,347,205.0,很满意,5
624,ORD624,330,326.0,速度快，车很干净,3
625,ORD625,313,288.0,车很干净，服务不错，比较安静,3
626,ORD626,39,445.0,比较安静，车内有异味,5
627,ORD627,478,155.0,司机很礼貌，态度一般,3
628,ORD628,256,127.0,驾驶稳,4
629,ORD629,374,426.0,比较安静，很满意，司机很礼貌,4
630,ORD630,35,122.0,速度快，等待时间长，比较安静,4
631,ORD631,433,376.0,比较安静,4
632,ORD632,46,340.0,车内有异味，速度快,5
633,ORD633,188,398.0,服务不错,3
634,ORD634,465,493.0,车很干净，速度快，比较安静,5
635,ORD635,152,19.0,司机很礼貌,5
636,ORD636,399,95.0,车很干净,5
637,ORD637,204,33.0,车很干净，很满意,3
638,ORD638,115,461.0,比较安静，车很干净，速度快,4
639,ORD639,263,172.0,很满意，司机很礼貌，等待时间长,3
640,ORD640,430,422.0,服务不错，等待时间长，驾驶稳,5
641,ORD641,122,29.0,等待时间长，服务不错，态度一般,5
642,ORD642,486,210.0,等待时间长，很满意,5
643,ORD643,45,180.0,车内有异味,4
644,ORD644,448,114.0,驾驶稳,5
645,ORD645,313,312.0,很满意，车内有异味，比较安静,4
646,ORD646,80,131.0,服务不错，态度一般，速度快,4
647,ORD647,92,372.0,服务不错,5
648,ORD648,83,21.0,车内有异味，速度快,3
649,ORD649,14,363.0,态度一般，很满意，服务不错,3
650,ORD650,98,140.0,态度一般,5
651,ORD651,93,126.0,车内有异味，态度一般，驾驶稳,3
652,ORD652,13,498.0,车内有异味，车很干净,4
653,ORD653,217,445.0,态度一般，车很干净,5
654,ORD654,20,482.0,态度一般，车很干净,3
655,ORD655,336,4.0,司机很礼貌，速度快,4
656,ORD656,256,304.0,速度快，驾驶稳，车内有异味,3
657,ORD657,408,80.0,车很干净，司机很礼貌，速度快,5
658,ORD658,97,194.0,驾驶稳，司机很礼貌,5
659,ORD659,248,74.0,速度快,5
660,ORD660,242,178.0,很满意,3
661,ORD661,80,298.0,驾驶稳,4
662,ORD662,200,41.0,很满意,5
663,ORD663,323,449.0,车很干净，司机很礼貌，等待时间长,4
664,ORD664,43,419.0,很满意，态度一般，速度快,5
665,ORD665,287,284.0,司机很礼貌，态度一般,5
666,ORD666,481,142.0,车内有异味，比较安静，驾驶稳,5
667,ORD667,329,306.0,等待时间长，司机很礼貌,4
668,ORD668,2,214.0,速度快，驾驶稳，等待时间长,3
669,ORD669,439,81.0,驾驶稳,5
670,ORD670,280,290.0,等待时间长,3
671,ORD671,117,126.0,车很干净，速度快，很满意,4
672,ORD672,23,230.0,驾驶稳，速度快,4
673,ORD673,35,39.0,车内有异味，态度一般,4
674,ORD674,499,445.0,速度快,5
675,ORD675,167,421.0,司机很礼貌,5
676,ORD676,343,477.0,速度快，车内有异味,5
677,ORD677,39,287.0,司机很礼貌，车内有异味，驾驶稳,4
678,ORD678,225,441.0,等待时间长，车很干净，驾驶稳,3
679,ORD679,7,230.0,等待时间长,5
680,ORD680,90,396.0,等待时间长，速度快,3
681,ORD681,214,156.0,比较安静，态度一般，车内有异味,4
682,ORD682,88,261.0,司机很礼貌,3
683,ORD683,500,127.0,速度快，车很干净,4
684,ORD684,188,394.0,车很干净，速度快，司机很礼貌,4
685,ORD685,26,103.0,司机很礼貌,5
686,ORD686,88,10.0,车内有异味，态度一般，很满意,4
687,ORD687,255,289.0,速度快，司机很礼貌,3
688,ORD688,14,183.0,司机很礼貌,3
689,ORD689,415,160.0,车很干净，服务不错,4
690,ORD690,338,326.0,等待时间长，驾驶稳,4
691,ORD691,200,114.0,态度一般，车内有异味,3
692,ORD692,460,176.0,速度快，车很干净,4
693,ORD693,260,157.0,驾驶稳，比较安静,3
694,ORD694,424,34.0,态度一般，比较安静，驾驶稳,4
695,ORD695,68,236.0,很满意，车内有异味，车很干净,4
696,ORD696,144,65.0,服务不错,3
697,ORD697,328,21.0,车内有异味，司机很礼貌，驾驶稳,3
698,ORD698,390,359.0,速度快，比较安静,3
699,ORD699,335,329.0,很满意，等待时间长，驾驶稳,3
700,ORD700,421,329.0,司机很礼貌，服务不错,4
701,ORD701,466,21.0,车内有异味,3
702,ORD702,62,191.0,态度一般，司机很礼貌,3
703,ORD703,377,243.0,车很干净，比较安静,3
704,ORD704,310,70.0,车很干净，很满意,5
705,ORD705,151,356.0,态度一般，车很干净，车内有异味,4
706,ORD706,134,274.0,等待时间长，司机很礼貌，车内有异味,4
707,ORD707,142,17.0,速度快,4
708,ORD708,306,471.0,等待时间长，车内有异味，车很干净,4
709,ORD709,142,447.0,态度一般,5
710,ORD710,260,104.0,车内有异味,4
711,ORD711,121,244.0,很满意，比较安静,3
712,ORD712,327,422.0,车很干净，速度快，态度一般,4
713,ORD713,139,48.0,车内有异味,3
714,ORD714,159,419.0,车内有异味，司机很礼貌,4
715,ORD715,224,227.0,车内有异味，等待时间长，速度快,4
716,ORD716,78,480.0,驾驶稳，态度一般，车很干净,3
717,ORD717,71,74.0,比较安静,5
718,ORD718,391,158.0,驾驶稳，速度快，很满意,5
719,ORD719,152,452.0,服务不错，司机很礼貌,3
720,ORD720,133,486.0,车很干净，态度一般，速度快,3
721,ORD721,198,298.0,比较安静,4
722,ORD722,469,314.0,车很干净,5
723,ORD723,322,124.0,很满意，司机很礼貌,4
724,ORD724,120,125.0,等待时间长，车很干净，比较安静,3
725,ORD725,6,309.0,司机很礼貌,4
726,ORD726,452,438.0,车很干净,4
727,ORD727,445,24.0,驾驶稳,5
728,ORD728,296,335.0,车内有异味，服务不错,5
729,ORD729,88,436.0,司机很礼貌，驾驶稳，态度一般,3
730,ORD730,287,362.0,等待时间长，很满意,4
731,ORD731,130,355.0,等待时间长，态度一般,5
732,ORD732,193,318.0,服务不错，车很干净，很满意,5
733,ORD733,343,123.0,很满意,5
734,ORD734,335,87.0,态度一般,5
735,ORD735,90,411.0,很满意，车很干净,5
736,ORD736,54,421.0,比较安静，车很干净，速度快,3
737,ORD737,167,296.0,车很干净,5
738,ORD738,166,310.0,态度一般，车很干净，比较安静,3
739,ORD739,294,102.0,司机很礼貌，驾驶稳,4
740,ORD740,452,187.0,车很干净，服务不错，等待时间长,5
741,ORD741,321,131.0,司机很礼貌，速度快,5
742,ORD742,211,131.0,司机很礼貌,3
743,ORD743,438,21.0,服务不错，司机很礼貌，驾驶稳,3
744,ORD744,418,318.0,很满意，司机很礼貌,3
745,ORD745,118,101.0,车内有异味,5
746,ORD746,138,445.0,速度快,3
747,ORD747,313,222.0,态度一般,4
748,ORD748,28,190.0,等待时间长,3
749,ORD749,488,443.0,服务不错，驾驶稳，态度一般,3
750,ORD750,383,196.0,等待时间长，很满意,3
751,ORD751,151,124.0,很满意,4
752,ORD752,150,439.0,等待时间长，司机很礼貌，很满意,4
753,ORD753,65,162.0,等待时间长，很满意，比较安静,5
754,ORD754,430,370.0,服务不错,4
755,ORD755,10,491.0,很满意,4
756,ORD756,208,357.0,服务不错,5
757,ORD757,358,106.0,很满意，比较安静,5
758,ORD758,295,320.0,很满意，车内有异味,5
759,ORD759,345,124.0,速度快，车内有异味，态度一般,4
760,ORD760,439,330.0,很满意，速度快，服务不错,5
761,ORD761,360,33.0,驾驶稳，服务不错，车内有异味,3
762,ORD762,388,474.0,态度一般，车内有异味,3
763,ORD763,189,309.0,很满意，等待时间长,3
764,ORD764,104,282.0,车很干净，速度快，服务不错,3
765,ORD765,388,415.0,司机很礼貌，很满意,4
766,ORD766,442,431.0,态度一般，驾驶稳,4
767,ORD767,278,398.0,比较安静,3
768,ORD768,74,210.0,很满意，车内有异味，等待时间长,3
769,ORD769,124,469.0,车很干净，驾驶稳，速度快,3
770,ORD770,218,416.0,司机很礼貌，很满意，态度一般,4
771,ORD771,391,281.0,车内有异味，等待时间长，司机很礼貌,3
772,ORD772,353,394.0,服务不错,4
773,ORD773,372,296.0,司机很礼貌，速度快,4
774,ORD774,495,158.0,司机很礼貌,4
775,ORD775,303,12.0,等待时间长，比较安静，驾驶稳,3
776,ORD776,187,475.0,等待时间长，比较安静，很满意,5
777,ORD777,486,169.0,服务不错，车内有异味，等待时间长,4
778,ORD778,337,55.0,驾驶稳，车很干净,4
779,ORD779,127,309.0,态度一般，车内有异味,4
780,ORD780,110,344.0,车内有异味，很满意,3
781,ORD781,99,8.0,驾驶稳,5
782,ORD782,50,160.0,司机很礼貌，服务不错,4
783,ORD783,325,355.0,很满意,5
784,ORD784,241,482.0,司机很礼貌，车很干净,3
785,ORD785,429,225.0,驾驶稳，车很干净,4
786,ORD786,153,306.0,态度一般，服务不错，速度快,3
787,ORD787,61,52.0,态度一般，司机很礼貌，速度快,3
788,ORD788,98,330.0,司机很礼貌，驾驶稳，速度快,4
789,ORD789,457,73.0,很满意,4
790,ORD790,312,399.0,态度一般，车很干净，驾驶稳,3
791,ORD791,394,345.0,很满意,3
792,ORD792,207,405.0,驾驶稳，态度一般,5
793,ORD793,449,186.0,速度快，比较安静,5
794,ORD794,34,54.0,司机很礼貌,5
795,ORD795,319,304.0,速度快，驾驶稳，态度一般,3
796,ORD796,474,317.0,态度一般，车很干净，很满意,5
797,ORD797,420,435.0,等待时间长，驾驶稳,5
798,ORD798,170,63.0,车很干净，服务不错,4
799,ORD799,348,355.0,车内有异味,3
800,ORD800,434,280.0,比较安静，驾驶稳,3
801,ORD801,195,419.0,等待时间长，驾驶稳,3
802,ORD802,278,491.0,速度快，很满意，驾驶稳,5
803,ORD803,103,38.0,车很干净,4
804,ORD804,49,465.0,等待时间长,4
805,ORD805,196,38.0,态度一般，车内有异味,4
806,ORD806,258,67.0,等待时间长，车很干净,4
807,ORD807,266,210.0,等待时间长,3
808,ORD808,142,367.0,比较安静，态度一般,3
809,ORD809,20,366.0,车很干净，比较安静，司机很礼貌,4
810,ORD810,389,118.0,驾驶稳,5
811,ORD811,103,306.0,很满意，车很干净，司机很礼貌,5
812,ORD812,354,399.0,司机很礼貌，态度一般，车内有异味,3
813,ORD813,471,205.0,态度一般，比较安静,3
814,ORD814,392,310.0,很满意，车很干净,4
815,ORD815,317,50.0,驾驶稳,3
816,ORD816,226,422.0,很满意，司机很礼貌，等待时间长,4
817,ORD817,327,33.0,司机很礼貌，服务不错,5
818,ORD818,309,135.0,车很干净，比较安静，速度快,3
819,ORD819,407,70.0,司机很礼貌，驾驶稳,3
820,ORD820,453,105.0,等待时间长，车很干净，司机很礼貌,4
821,ORD821,341,305.0,速度快，等待时间长,3
822,ORD822,356,145.0,很满意，等待时间长,5
823,ORD823,451,319.0,车很干净，司机很礼貌，驾驶稳,5
824,ORD824,261,130.0,比较安静，态度一般，速度快,5
825,ORD825,62,63.0,司机很礼貌，比较安静,3
826,ORD826,470,200.0,服务不错,4
827,ORD827,411,440.0,很满意,4
828,ORD828,385,79.0,车内有异味,5
829,ORD829,364,239.0,司机很礼貌，等待时间长,4
830,ORD830,18,229.0,车内有异味,3
831,ORD831,300,41.0,比较安静,5
832,ORD832,203,22.0,很满意，态度一般，等待时间长,5
833,ORD833,250,104.0,司机很礼貌，服务不错,5
834,ORD834,404,314.0,速度快,3
835,ORD835,220,431.0,速度快，态度一般，司机很礼貌,3
836,ORD836,17,494.0,等待时间长，车很干净，态度一般,3
837,ORD837,79,7.0,服务不错,5
838,ORD838,266,429.0,司机很礼貌，车内有异味，驾驶稳,3
839,ORD839,442,166.0,比较安静，车很干净，态度一般,3
840,ORD840,226,434.0,车很干净,4
841,ORD841,156,269.0,车很干净,4
842,ORD842,375,168.0,车内有异味，速度快，很满意,3
843,ORD843,161,197.0,司机很礼貌，服务不错,4
844,ORD844,353,368.0,很满意,3
845,ORD845,224,296.0,速度快，驾驶稳，司机很礼貌,5
846,ORD846,123,215.0,等待时间长,5
847,ORD847,292,4.0,速度快，等待时间长,4
848,ORD848,387,52.0,等待时间长，服务不错，比较安静,3
849,ORD849,236,114.0,驾驶稳,4
850,ORD850,65,110.0,等待时间长，很满意，司机很礼貌,3
851,ORD851,224,382.0,驾驶稳，比较安静,4
852,ORD852,92,460.0,比较安静，驾驶稳,4
853,ORD853,220,205.0,态度一般，服务不错，速度快,4
854,ORD854,96,110.0,很满意，司机很礼貌，速度快,4
855,ORD855,62,330.0,驾驶稳，很满意，等待时间长,4
856,ORD856,100,146.0,很满意，车很干净，司机很礼貌,5
857,ORD857,235,95.0,服务不错,3
858,ORD858,177,210.0,态度一般，很满意,3
859,ORD859,376,423.0,等待时间长,4
860,ORD860,217,2.0,比较安静,5
861,ORD861,83,476.0,速度快,4
862,ORD862,418,9.0,比较安静，等待时间长,4
863,ORD863,281,389.0,态度一般，车很干净,5
864,ORD864,303,205.0,态度一般，比较安静，很满意,5
865,ORD865,387,399.0,司机很礼貌，比较安静,3
866,ORD866,175,457.0,车很干净,5
867,ORD867,288,468.0,态度一般，车很干净，很满意,4
868,ORD868,276,426.0,服务不错,3
869,ORD869,440,10.0,速度快，等待时间长，司机很礼貌,3
870,ORD870,209,65.0,等待时间长，很满意,5
871,ORD871,92,63.0,比较安静,4
872,ORD872,232,463.0,驾驶稳，比较安静,3
873,ORD873,270,198.0,速度快,5
874,ORD874,455,399.0,比较安静,3
875,ORD875,485,179.0,等待时间长，很满意,4
876,ORD876,255,180.0,态度一般，很满意,5
877,ORD877,29,415.0,驾驶稳，司机很礼貌，服务不错,5
878,ORD878,1,349.0,车很干净，服务不错，车内有异味,3
879,ORD879,130,15.0,比较安静,3
880,ORD880,330,106.0,等待时间长，比较安静，服务不错,3
881,ORD881,26,20.0,很满意,3
882,ORD882,470,163.0,很满意，服务不错,3
883,ORD883,437,345.0,态度一般，驾驶稳，比较安静,5
884,ORD884,490,488.0,速度快，司机很礼貌,3
885,ORD885,362,145.0,等待时间长,3
886,ORD886,152,159.0,服务不错,3
887,ORD887,43,30.0,服务不错，驾驶稳，比较安静,5
888,ORD888,51,290.0,服务不错，司机很礼貌，很满意,4
889,ORD889,446,330.0,等待时间长，比较安静,5
890,ORD890,239,248.0,比较安静，司机很礼貌，驾驶稳,5
891,ORD891,356,244.0,车内有异味，比较安静,5
892,ORD892,165,238.0,很满意,5
893,ORD893,94,101.0,车很干净，司机很礼貌,4
894,ORD894,42,278.0,车内有异味，驾驶稳,4
895,ORD895,106,183.0,态度一般，驾驶稳，速度快,4
896,ORD896,347,373.0,很满意，态度一般，驾驶稳,3
897,ORD897,183,248.0,车很干净，等待时间长，司机很礼貌,4
898,ORD898,456,330.0,态度一般，车内有异味，很满意,4
899,ORD899,326,58.0,很满意,5
900,ORD900,229,372.0,等待时间长,4
901,ORD901,9,241.0,服务不错,4
902,ORD902,489,397.0,车内有异味,3
903,ORD903,79,173.0,服务不错,5
904,ORD904,275,477.0,车内有异味,5
905,ORD905,341,17.0,车内有异味，速度快，比较安静,3
906,ORD906,201,394.0,速度快，司机很礼貌,5
907,ORD907,352,256.0,态度一般,4
908,ORD908,108,307.0,司机很礼貌,5
909,ORD909,165,421.0,态度一般，驾驶稳，很满意,3
910,ORD910,182,273.0,速度快,5
911,ORD911,464,266.0,驾驶稳,5
912,ORD912,141,393.0,车内有异味，车很干净，态度一般,4
913,ORD913,18,459.0,很满意,3
914,ORD914,445,435.0,驾驶稳,3
915,ORD915,79,61.0,比较安静,5
916,ORD916,469,465.0,驾驶稳，等待时间长,4
917,ORD917,354,269.0,等待时间长,5
918,ORD918,425,430.0,服务不错，速度快,3
919,ORD919,381,43.0,比较安静，等待时间长,3
920,ORD920,216,87.0,司机很礼貌，车内有异味,5
921,ORD921,104,83.0,驾驶稳，车内有异味,4
922,ORD922,90,192.0,驾驶稳，很满意，速度快,3
923,ORD923,399,185.0,速度快，车很干净,5
924,ORD924,37,241.0,很满意，态度一般，服务不错,5
925,ORD925,100,205.0,车很干净,4
926,ORD926,357,33.0,司机很礼貌，驾驶稳,3
927,ORD927,438,27.0,很满意，速度快，态度一般,4
928,ORD928,338,130.0,服务不错,3
929,ORD929,112,8.0,比较安静,5
930,ORD930,331,268.0,比较安静，态度一般，车很干净,4
931,ORD931,258,116.0,驾驶稳，司机很礼貌，车内有异味,5
932,ORD932,166,88.0,车很干净，比较安静，态度一般,3
933,ORD933,500,261.0,驾驶稳，车很干净，服务不错,4
934,ORD934,283,436.0,服务不错，态度一般，很满意,3
935,ORD935,357,169.0,驾驶稳，态度一般，司机很礼貌,3
936,ORD936,110,21.0,等待时间长,4
937,ORD937,116,254.0,很满意,3
938,ORD938,112,162.0,比较安静，车内有异味,3
939,ORD939,98,382.0,车内有异味,5
940,ORD940,52,369.0,车内有异味,5
941,ORD941,280,176.0,司机很礼貌，车很干净,4
942,ORD942,151,222.0,等待时间长,4
943,ORD943,396,15.0,司机很礼貌，车内有异味,4
944,ORD944,171,351.0,车内有异味，等待时间长，比较安静,4
945,ORD945,372,169.0,速度快,3
946,ORD946,43,123.0,驾驶稳，比较安静，车内有异味,5
947,ORD947,253,16.0,速度快,4
948,ORD948,123,299.0,驾驶稳，车很干净，速度快,3
949,ORD949,138,95.0,很满意，车内有异味，等待时间长,4
950,ORD950,106,4.0,车很干净，车内有异味,4
951,ORD951,379,234.0,很满意,5
952,ORD952,100,163.0,比较安静，车很干净，车内有异味,4
953,ORD953,421,327.0,速度快，态度一般,4
954,ORD954,220,227.0,司机很礼貌，态度一般，速度快,5
955,ORD955,90,15.0,等待时间长，速度快,4
956,ORD956,62,403.0,车很干净,3
957,ORD957,16,449.0,司机很礼貌，态度一般，比较安静,4
958,ORD958,333,29.0,比较安静，态度一般,5
959,ORD959,163,480.0,态度一般，等待时间长，司机很礼貌,3
960,ORD960,23,125.0,车内有异味，车很干净,3
961,ORD961,333,243.0,很满意，服务不错，等待时间长,3
962,ORD962,461,118.0,比较安静,5
963,ORD963,129,158.0,服务不错,5
964,ORD964,85,124.0,车很干净,5
965,ORD965,140,76.0,驾驶稳，司机很礼貌,4
966,ORD966,409,48.0,服务不错，比较安静,4
967,ORD967,499,65.0,速度快，等待时间长,5
968,ORD968,377,349.0,比较安静,5
969,ORD969,464,51.0,驾驶稳，车很干净,3
970,ORD970,140,3.0,车内有异味，态度一般,3
971,ORD971,161,368.0,司机很礼貌，车很干净,3
972,ORD972,425,85.0,等待时间长,4
973,ORD973,39,186.0,服务不错，司机很礼貌，等待时间长,3
974,ORD974,340,321.0,车内有异味,3
975,ORD975,294,29.0,速度快，等待时间长，司机很礼貌,5
976,ORD976,128,360.0,等待时间长，车内有异味，比较安静,3
977,ORD977,89,214.0,速度快，等待时间长，比较安静,3
978,ORD978,393,379.0,态度一般，车很干净，驾驶稳,3
979,ORD979,6,69.0,态度一般，车内有异味,3
980,ORD980,118,277.0,车内有异味,4
981,ORD981,414,38.0,车很干净，态度一般,5
982,ORD982,144,473.0,等待时间长，很满意，司机很礼貌,5
983,ORD983,348,169.0,车内有异味，车很干净,5
984,ORD984,496,230.0,很满意，司机很礼貌，比较安静,3
985,ORD985,445,165.0,比较安静，等待时间长，服务不错,3
986,ORD986,434,393.0,等待时间长，车很干净,5
987,ORD987,458,312.0,等待时间长，车很干净,3
988,ORD988,403,309.0,速度快，驾驶稳，很满意,5
989,ORD989,460,443.0,很满意,4
990,ORD990,176,70.0,司机很礼貌，比较安静,4
991,ORD991,452,334.0,等待时间长，司机很礼貌,3
992,ORD992,143,406.0,车内有异味，态度一般，司机很礼貌,5
993,ORD993,258,354.0,态度一般，服务不错,5
994,ORD994,228,203.0,司机很礼貌,4
995,ORD995,272,449.0,态度一般,5
996,ORD996,18,426.0,态度一般,5
997,ORD997,368,92.0,司机很礼貌，速度快，驾驶稳,4
998,ORD998,289,337.0,速度快，车内有异味,5
999,ORD999,356,157.0,等待时间长，比较安静，车很干净,3
1000,ORD1000,11,171.0,服务不错，态度一般,5
